jméno,příjmení,rodné číslo,vek,pohlavi,email
Květoslava,Příbrská,895203/6093,33,zena,PribrKve@hybrid.edu
Jindřich,Linhart,940720/2024,28,muz,LinhaJin@hybrid.edu
Josef,Hurta,880705/7017,34,muz,HurtaJos@hybrid.edu
Dana,Odrážková,875218/1570,35,zena,OdrazDan@hybrid.edu
Vlasta,Rojíčková,865430/4362,36,zena,RojicVla@hybrid.edu
Jiří,Graca,890309/8380,33,muz,GracaJir@hybrid.edu
Libor,Urban,950720/5323,27,muz,UrbanLib@hybrid.edu
Petr,Karlík,920305/1374,30,muz,KarliPet@hybrid.edu
Lucie,Petružálková,895622/1989,33,zena,PetruLuc@hybrid.edu
Štefan,Proksch,880617/5862,34,muz,ProksSte@hybrid.edu
Marta,Dědičová,905928/9063,32,zena,DedicMar@hybrid.edu
Ladislava,Kryštofová,805603/5152,42,zena,KrystLad@hybrid.edu
Věra,Mikešová,955316/3873,27,zena,MikesVer@hybrid.edu
Viktor,Šmolka,950522/4267,27,muz,SmolkVik@hybrid.edu
Božena,Gabrišová,856208/6808,37,zena,GabriBoz@hybrid.edu
Alena,Červeňáková,806005/8831,42,zena,CerveAle@hybrid.edu
Karla,Křižková,936221/2651,29,zena,KrizkKar@hybrid.edu
Kateřina,Kudláčková,835211/3539,39,zena,KudlaKat@hybrid.edu
Marie,Auzká,915708/1164,31,zena,AuzkaMar@hybrid.edu
Jaroslav,Čep,901024/5431,32,muz,CepJar@hybrid.edu
Markéta,Korčáková,935613/6438,29,zena,KorcaMar@hybrid.edu
Karolína,Strouhalová,935829/8257,29,zena,StrouKar@hybrid.edu
Martin,Kostelanský,840510/6622,38,muz,KosteMar@hybrid.edu
Jana,Hambálková,925520/7038,30,zena,HambaJan@hybrid.edu
Matyáš,Hulata,880130/1300,34,muz,HulatMat@hybrid.edu
Radka,Vernerová,805620/6004,42,zena,VerneRad@hybrid.edu
František,Harant,830702/3813,39,muz,HaranFra@hybrid.edu
Tomáš,Soldán,860728/4103,36,muz,SoldaTom@hybrid.edu
Kristýna,Binarová,835613/7757,39,zena,BinarKri@hybrid.edu
Jiřina,Procházková,855726/3033,37,zena,ProchJir@hybrid.edu
Romana,Dočkalová,975719/4942,25,zena,DockaRom@hybrid.edu
Emil,Šabatka,960216/5551,26,muz,SabatEmi@hybrid.edu
Jan,Baďura,920124/8672,30,muz,BadurJan@hybrid.edu
Martina,Boštíková,945520/4385,28,zena,BostiMar@hybrid.edu
Anna,Marková,845702/1628,38,zena,MarkoAnn@hybrid.edu
Eva,Šabouková,806107/7640,42,zena,SabouEva@hybrid.edu
Antonín,Brož,810107/7853,41,muz,BrozAnt@hybrid.edu
Zdeňka,Rychlá,916111/4512,31,zena,RychlZde@hybrid.edu
Zdenka,Sainerová,865811/7259,36,zena,SaineZde@hybrid.edu
Anežka,Ondrušová,975326/7865,25,zena,OndruAne@hybrid.edu
Jarmila,Pilařová,955228/9637,27,zena,PilarJar@hybrid.edu
Barbora,Biliová,916009/6264,31,zena,BilioBar@hybrid.edu
Václav,Mervart,830221/1214,39,muz,MervaVac@hybrid.edu
Bedřich,Soviar,831209/7090,39,muz,SoviaBed@hybrid.edu
Stanislav,Hojgr,860706/5016,36,muz,HojgrSta@hybrid.edu
Lukáš,Hlavatý,850727/6327,37,muz,HlavaLuk@hybrid.edu
Karel,Líska,820710/1925,40,muz,LiskaKar@hybrid.edu
David,Bukáček,840408/5558,38,muz,BukacDav@hybrid.edu
Pavel,Frančík,830806/4952,39,muz,FrancPav@hybrid.edu
Helena,Greplová,955713/2706,27,zena,GreplHel@hybrid.edu
Tereza,Biharyová,945621/2161,28,zena,BiharTer@hybrid.edu
Ján,Brabenec,830309/5559,39,muz,BrabeJan@hybrid.edu
Zdeněk,Choděra,850623/8543,37,muz,ChodeZde@hybrid.edu
Petra,Macková,885908/4014,34,zena,MackoPet@hybrid.edu
Aleš,Štípek,930512/6127,29,muz,StipeAle@hybrid.edu
Miroslav,Maňkoš,971016/2462,25,muz,MankoMir@hybrid.edu
Kristýna,Vymětalíková,915514/5164,31,zena,VymetKri@hybrid.edu
Hana,Drobná,886208/8125,34,zena,DrobnHan@hybrid.edu
Iva,Seidlová,966012/1493,26,zena,SeidlIva@hybrid.edu
Yudita,Houserová,956229/3807,27,zena,HouseYud@hybrid.edu
Iveta,Nováková,935718/4617,29,zena,NovakIve@hybrid.edu
Matěj,Falout,901113/2702,32,muz,FalouMat@hybrid.edu
